{
    "00": {
        "x": 0.05416664123535156,
        "y": 0.3320860166063006
    },
    "01": {
        "x": 0.15666664123535157,
        "y": 0.32912536861278235
    },
    "02": {
        "x": 0.25416664123535154,
        "y": 0.32715160328377013
    }
}